{
  "RecoilStrength": 14,
  "RecoilSpeed": 6,
  "RecoilOnlyWhenAiming": false,
  "PauseOnMouseMovement": false,
  "HumanizeMovement": false,
  "RecoilEnabled": true,
  "RapidFireRate": 10,
  "RapidFireOnlyWhenAiming": false,
  "RapidFireHumanize": false,
  "RapidFireEnabled": false,
  "TapFireDelay": 10,
  "TapFireOnlyWhenAiming": false,
  "TapFireHumanize": false,
  "TapFireEnabled": false,
  "LeanSpamDelay": 10,
  "LeanSpamOnlyWhenAiming": false,
  "LeanSpamHumanize": false,
  "LeanSpamEnabled": false,
  "CrouchSpamDelay": 10,
  "CrouchSpamOnlyWhenAiming": false,
  "CrouchSpamHumanize": false,
  "CrouchSpamEnabled": false
}